T low,T high,H low,H high,degree,ppm,multiple,shift,intercept,coef,coef
-23.0,50.0,0.0,100.0,2.0,-23.0,1.0,0.0,7155.062498968836,12.722996076249336,-0.12768201995255715
