T low,T high,H low,H high,degree,ppm,multiple,shift,intercept,coef,coef
-23.0,50.0,0.0,100.0,2.0,-23.0,1.0,0.0,7577.906618315022,13.474889448540907,-0.1352276691053021
