T low,T high,H low,H high,degree,ppm,multiple,shift,intercept,coef,coef
-23.0,50.0,0.0,100.0,2.0,-23.0,1.0,0.0,7521.579999826989,13.37473052664261,-0.13422252115213107
